Key,Value
Timothy English,Tim English
Mitchell Hannan,Mitch Hannan
Jackson Macrae,Jack Macrae
Lachlan Hunter,Lachie Hunter
Thomas Liberatore,Tom Liberatore
Lochie OBrien,Lochie O'Brien
Zachary Williams,Zac Williams
Daniel Butler,Dan Butler
Mitchito Owens,Mitch Owens
Matt Owies,Matthew Owies
Jordan de Goey,Jordan De Goey
Bradley Close,Brad Close
Thomas Stewart,Tom Stewart
Zachary Merrett,Zach Merrett
Nikolas Cox,Nik Cox
Nicholas Martin,Nic Martin
Joshua Kelly,Josh Kelly
Matthew De Boer,Matt de Boer
Lachlan Ash,Lachie Ash
Harrison Himmelberg,Harry Himmelberg
Matthew Flynn,Matt Flynn
Patrick McCartin,Paddy McCartin
Cameron Rayner,Cam Rayner
Oliver Wines,Ollie Wines
Tom Jonas,Thomas Jonas
Xavier OHalloran,Xavier O'Halloran
Colin ORiordan,Colin O'Riordan
Lachlan Jones,Lachie Jones
Jaeger OMeara,Jaeger O'Meara
Xavier ONeill,Xavier O'Neill
Reilly OBrien,Reilly O'Brien
Mitchell Lewis,Mitch Lewis
Lachlan Schultz,Lachie Schultz
Connor MacDonald,Connor Macdonald
Mitch Hinge,Mitchell Hinge
Joshua Kennedy,Josh Kennedy
Nicholas Naitanui,Nic Naitanui
Nicholas Holman,Nick Holman
Lachlan Weller,Lachie Weller
Mitchell Duncan,Mitch Duncan
Mark OConnor,Mark O'Connor
Tim OBrien,Tim O'Brien
Patrick Ryder,Paddy Ryder
Samuel Collins,Sam Collins
Lachlan Plowman,Lachie Plowman
Lachlan Fogarty,Lachie Fogarty
Nathan ODriscoll,Nathan O'Driscoll
Mitchell Wallis,Mitch Wallis
Kamdyn Mcintosh,Kamdyn McIntosh
Joshua Walker,Josh Walker
Harry Petty,Harrison Petty
Thomas Berry,Tom Berry
Nathan Fyfe,Nat Fyfe
Dominic Sheed,Dom Sheed
Daniel Hannebery,Dan Hannebery
Edward Curnow,Ed Curnow
Samuel Reid,Sam Reid
Bradley Sheppard,Brad Sheppard
Matthew Suckling,Matt Suckling
Ronin OConnor,Ronin O'Connor
Cameron Sutcliffe,Cam Sutcliffe
Matthew Cottrell,Matt Cottrell
Ollie Dempsey,Oliver Dempsey
Mitchell Knevitt,Mitch Knevitt
Zachary Sproule,Zach Sproule
Matthew Roberts,Matt Roberts
Harry Jones,Harrison Jones
Mitchell Brown,Mitch Brown
Mitchell Crowden,Mitch Crowden
Massimo DAmbrosio,Massimo D'Ambrosio
Hewago Paul Oea,Hewago Oea
Lachlan Henderson,Lachie Henderson
Nicholas Coffield,Nick Coffield
Matthew Ling,Matt Ling
David MacKay,David Mackay
Nicholas Shipley,Nick Shipley
Cameron McCarthy,Cam McCarthy
Christopher Mayne,Chris Mayne
Matthew Buntine,Matt Buntine
Thomas Sheridan,Tom Sheridan
Benjamin Stratton,Ben Stratton
Cameron Ellis-Yolmen,Cam Ellis-Yolmen
Jamie MacMillan,Jamie Macmillan
Thomas Murphy,Tom Murphy
Matthew Scharenberg,Matt Scharenberg
Edward Phillips,Ed Phillips
Timothy Broomhead,Tim Broomhead
Thomas Hutchesson,Tom Hutchesson
Joshua Begley,Josh Begley
Joshua Wagner,Josh Wagner
Zachary Clarke,Zac Clarke
Nicholas Robertson,Nick Robertson
Samuel Wright,Sam Wright
Robert Young,Robbie Young
Joshua Schoenfeld,Josh Schoenfeld
Jay Kennedy Harris,Jay Kennedy-Harris
Bradley Scheer,Brad Scheer
Joshua Deluca,Josh Deluca
Matthew Dea,Matt Dea
Joshua Green,Josh Green
Matthew Rosa,Matt Rosa
Samuel Murray,Sam Murray
Mark Lecras,Mark LeCras
Cameron OShea,Cameron O'Shea
William Langford,Will Langford
Nicholas Graham,Nick Graham
Thomas Boyd,Tom Boyd
Daniel Robinson,Dan Robinson
Bradley Lynch,Brad Lynch
Jonathan ORourke,Jonathan O'Rourke
Benjamin Griffiths,Ben Griffiths
Tyrone Vickery,Ty Vickery
Matthew Priddis,Matt Priddis
Nicholas Suban,Nick Suban
Matthew White,Matt White
Eric MacKenzie,Eric Mackenzie
Mitchell White,Mitch White
Daniel Nielson,Dan Nielson
Nathan Van Berlo,Nathan van Berlo
Mitchell Hallahan,Mitch Hallahan
Nicholas Kommer,Nick Kommer
Thomas Lee,Tom Lee
Bradley McKenzie,Brad McKenzie
Mitchell Clark,Mitch Clark
Sebastian Tape,Seb Tape
Josh Deluca-Cardillo,Josh Deluca
Liam Mcbean,Liam McBean
Christopher Yarran,Chris Yarran
Thomas Curren,Tom Curren
Mitchell Grigg,Mitch Grigg
Zac OBrien,Zac O'Brien
Matthew Maguire,Matt Maguire
Matthew Arnot,Matt Arnot
Matthew Mcdonough,Matt McDonough
Mitchell Golby,Mitch Golby
Nicholas O'Brien,Nick OBrien
Joshua Prudden,Josh Prudden
Bradley Walsh,Brad Walsh
Tom J. Lynch,Tom Lynch
Thomas Williamson,Tom Williamson
Josh P. Kennedy,Josh Kennedy
Josh J. Kennedy,Josh Kennedy
Bailey J. Williams,Bailey Williams
Matthew Taberner,Matt Taberner
Callum L. Brown,Callum Brown
Callum M. Brown,Callum Brown
Sam J. Reid,Sam Reid
Darcy MacPherson,Darcy Macpherson
Aaron Vandenberg,Aaron vandenBerg
Mitchell Georgiades,Mitch Georgiades
Matthew Rowell,Matt Rowell
Tommy Sheridan,Tom Sheridan
Charles Cameron,Charlie Cameron
Scott D. Thompson,Scott Thompson
Ian Hill,Bobby Hill
Nathan J. Brown,Nathan Brown
William Rioli,Willie Rioli
Harry Marsh,Harrison Marsh
Thomas Cole,Tom Cole
Timothy Smith,Tim Smith
Angus Litherland,Angus Dewar
Cam O'Shea,Cameron O'Shea
Matthew Spangher,Matt Spangher
Rueben William,Reuben William
Zach O'Brien,Zac O'Brien
Matthew McDonough,Matt McDonough
Joshua Glenn,Josh Glenn
Nick OBrien,Nick O'Brien
Tom J Lynch,Tom Lynch
Josh J Kennedy,Josh Kennedy
Nicholas Hind,Nick Hind
Nicholas Newman,Nic Newman
Nick Martin,Nic Martin
Joel Sudar-Jeffrey,Joel Jeffrey
Joshua Rachele,Josh Rachele
Mitch W Brown,Mitch Brown
Matt De Boer,Matt de Boer
Callum L Brown,Callum Brown
Alexander Keath,Alex Keath
James Bartel,Jimmy Bartel
Michael Pyke,Mike Pyke
